insert into `tstd_user` (`user_id`, `login_name`, `nickname`, `login_pwd`, `login_pwd_strength`, `kind`, `level`, `user_referee`, `mobile`, `id_kind`, `id_no`, `real_name`, `trade_pwd`, `trade_pwd_strength`, `role_code`, `status`, `pdf`, `amount`, `lj_amount`, `company_code`, `open_id`, `jpush_id`, `updater`, `update_datetime`, `longitude`, `latitude`, `remark`, `system_code`) values('CSHU201600000000000001','admin',NULL,'21218cca77804d2ba1922c33e0151105','1','01','0',NULL,NULL,NULL,NULL,NULL,NULL,NULL,'CCDSM201600000000000000','0',NULL,NULL,NULL,NULL,NULL,NULL,'admin',NULL,NULL,NULL,'管理端系统方','CD-CCD000003');


insert into `tsys_menu` (`code`, `name`, `type`, `url`, `order_no`, `updater`, `update_datetime`, `remark`, `parent_code`, `system_code`) values('CCDSM201600000000000000','根目录','1','#','1','admin',now(),'','','CD-CCD000003');
insert into `tsys_menu` (`code`, `name`, `type`, `url`, `order_no`, `updater`, `update_datetime`, `remark`, `parent_code`, `system_code`) values('CCDSM201600001000000000','系统根目录','1','#','1','admin',now(),'','CCDSM201600000000000000','CD-CCD000003');
insert into `tsys_menu` (`code`, `name`, `type`, `url`, `order_no`, `updater`, `update_datetime`, `remark`, `parent_code`, `system_code`) values('CCDSM201600001000000001','系统管理','1','#','1','admin',now(),'','CCDSM201600001000000000','CD-CCD000003');
insert into `tsys_menu` (`code`, `name`, `type`, `url`, `order_no`, `updater`, `update_datetime`, `remark`, `parent_code`, `system_code`) values('CCDSM201600001000000002','运维管理','1','#','2','admin',now(),NULL,'CCDSM201600001000000001','CD-CCD000003');
insert into `tsys_menu` (`code`, `name`, `type`, `url`, `order_no`, `updater`, `update_datetime`, `remark`, `parent_code`, `system_code`) values('CCDSM201600001000000003','菜单管理','1','/security/menu.htm','1','admin',now(),'','CCDSM201600001000000002','CD-CCD000003');
insert into `tsys_menu` (`code`, `name`, `type`, `url`, `order_no`, `updater`, `update_datetime`, `remark`, `parent_code`, `system_code`) values('CCDSM201600001000000004','修改','2','/edit','2','admin',now(),'','CCDSM201600001000000003','CD-CCD000003');
insert into `tsys_menu` (`code`, `name`, `type`, `url`, `order_no`, `updater`, `update_datetime`, `remark`, `parent_code`, `system_code`) values('CCDSM2016101716241339082','运营管理','1','#','1','admin',now(),'','CCDSM201600001000000001','CD-CCD000003');
insert into `tsys_menu` (`code`, `name`, `type`, `url`, `order_no`, `updater`, `update_datetime`, `remark`, `parent_code`, `system_code`) values('CCDSM2016101716253866426','角色管理','1','/security/role.htm','1','admin',now(),'','CCDSM2016101716241339082','CD-CCD000003');
insert into `tsys_menu` (`code`, `name`, `type`, `url`, `order_no`, `updater`, `update_datetime`, `remark`, `parent_code`, `system_code`) values('CCDSM2016101716261754674','用户管理','1','/security/user.htm','2','admin',now(),'','CCDSM2016101716241339082','CD-CCD000003');
insert into `tsys_menu` (`code`, `name`, `type`, `url`, `order_no`, `updater`, `update_datetime`, `remark`, `parent_code`, `system_code`) values('CCDSM2016101716290657836','系统参数管理','1','/general/param.htm','2','admin',now(),'','CCDSM201600001000000002','CD-CCD000003');
insert into `tsys_menu` (`code`, `name`, `type`, `url`, `order_no`, `updater`, `update_datetime`, `remark`, `parent_code`, `system_code`) values('CCDSM2016101716295904680','数据字典管理','1','/general/dict.htm','3','admin',now(),'','CCDSM201600001000000002','CD-CCD000003');
insert into `tsys_menu` (`code`, `name`, `type`, `url`, `order_no`, `updater`, `update_datetime`, `remark`, `parent_code`, `system_code`) values('CCDSM2016101716450533995','分配菜单','2','/change','4','admin',now(),'','CCDSM2016101716253866426','CD-CCD000003');
insert into `tsys_menu` (`code`, `name`, `type`, `url`, `order_no`, `updater`, `update_datetime`, `remark`, `parent_code`, `system_code`) values('CCDSM2016101717551955993','新增','2','/add','1','admin',now(),'','CCDSM2016101716253866426','CD-CCD000003');
insert into `tsys_menu` (`code`, `name`, `type`, `url`, `order_no`, `updater`, `update_datetime`, `remark`, `parent_code`, `system_code`) values('CCDSM2016101717560118734','修改','2','/edit','2','admin',now(),'','CCDSM2016101716253866426','CD-CCD000003');
insert into `tsys_menu` (`code`, `name`, `type`, `url`, `order_no`, `updater`, `update_datetime`, `remark`, `parent_code`, `system_code`) values('CCDSM2016101717563661357','删除','2','/delete','3','admin',now(),'','CCDSM2016101716253866426','CD-CCD000003');
insert into `tsys_menu` (`code`, `name`, `type`, `url`, `order_no`, `updater`, `update_datetime`, `remark`, `parent_code`, `system_code`) values('CCDSM2016101719082391126','新增','2','/add','1','admin',now(),'','CCDSM2016101716261754674','CD-CCD000003');
insert into `tsys_menu` (`code`, `name`, `type`, `url`, `order_no`, `updater`, `update_datetime`, `remark`, `parent_code`, `system_code`) values('CCDSM2016101719094151894','重置密码','2','/reset','3','admin',now(),'','CCDSM2016101716261754674','CD-CCD000003');
insert into `tsys_menu` (`code`, `name`, `type`, `url`, `order_no`, `updater`, `update_datetime`, `remark`, `parent_code`, `system_code`) values('CCDSM2016101719100760088','注销/激活','2','/rock','4','admin',now(),'','CCDSM2016101716261754674','CD-CCD000003');
insert into `tsys_menu` (`code`, `name`, `type`, `url`, `order_no`, `updater`, `update_datetime`, `remark`, `parent_code`, `system_code`) values('CCDSM2016101719110981215','设置角色','2','/assign','5','admin',now(),'','CCDSM2016101716261754674','CD-CCD000003');
insert into `tsys_menu` (`code`, `name`, `type`, `url`, `order_no`, `updater`, `update_datetime`, `remark`, `parent_code`, `system_code`) values('CCDSM2016101719140087629','修改','2','/edit','1','admin',now(),'','CCDSM2016101716290657836','CD-CCD000003');
insert into `tsys_menu` (`code`, `name`, `type`, `url`, `order_no`, `updater`, `update_datetime`, `remark`, `parent_code`, `system_code`) values('CCDSM2016101719143965297','修改','2','/edit','1','admin',now(),'','CCDSM2016101716295904680','CD-CCD000003');
insert into `tsys_menu` (`code`, `name`, `type`, `url`, `order_no`, `updater`, `update_datetime`, `remark`, `parent_code`, `system_code`) values('SM201612231757239863','业务管理','1','#','2','admin',now(),'','CCDSM201600001000000000','CD-CCD000003');
insert into `tsys_menu` (`code`, `name`, `type`, `url`, `order_no`, `updater`, `update_datetime`, `remark`, `parent_code`, `system_code`) values('SM2016122318155417298','查询分析','1','#','4','admin',now(),'','CCDSM201600001000000000','CD-CCD000003');
insert into `tsys_menu` (`code`, `name`, `type`, `url`, `order_no`, `updater`, `update_datetime`, `remark`, `parent_code`, `system_code`) values('SM2016122320154950550','放款管理','1','#','1','admin',now(),'','SM201612231757239863','CD-CCD000003');
insert into `tsys_menu` (`code`, `name`, `type`, `url`, `order_no`, `updater`, `update_datetime`, `remark`, `parent_code`, `system_code`) values('SM2016122320244732812','资信调查','1','/biz/credit.htm','1','admin',now(),'','SM2016122320154950550','CD-CCD000003');
insert into `tsys_menu` (`code`, `name`, `type`, `url`, `order_no`, `updater`, `update_datetime`, `remark`, `parent_code`, `system_code`) values('SM2016122320395399595','上门调查','1','/biz/distribution.htm','2','admin',now(),'','SM2016122320154950550','CD-CCD000003');
insert into `tsys_menu` (`code`, `name`, `type`, `url`, `order_no`, `updater`, `update_datetime`, `remark`, `parent_code`, `system_code`) values('SM2016122320415190759','收款管理','1','#','2','admin',now(),'','SM201612231757239863','CD-CCD000003');
insert into `tsys_menu` (`code`, `name`, `type`, `url`, `order_no`, `updater`, `update_datetime`, `remark`, `parent_code`, `system_code`) values('SM2016122320431568896','额度审批','1','/biz/lending.htm','4','admin',now(),'','SM2016122320154950550','CD-CCD000003');
insert into `tsys_menu` (`code`, `name`, `type`, `url`, `order_no`, `updater`, `update_datetime`, `remark`, `parent_code`, `system_code`) values('SM2016122320441711460','电话回访','1','/biz/return.htm','5','admin',now(),'','SM2016122320154950550','CD-CCD000003');
insert into `tsys_menu` (`code`, `name`, `type`, `url`, `order_no`, `updater`, `update_datetime`, `remark`, `parent_code`, `system_code`) values('SM2016122320451524229','请款资料','1','/biz/add.htm','4','admin',now(),'','SM2016122320154950550','CD-CCD000003');
insert into `tsys_menu` (`code`, `name`, `type`, `url`, `order_no`, `updater`, `update_datetime`, `remark`, `parent_code`, `system_code`) values('SM2016122320481649317','复核打款','1','/biz/review.htm','6','admin',now(),'','SM2016122320154950550','CD-CCD000003');
insert into `tsys_menu` (`code`, `name`, `type`, `url`, `order_no`, `updater`, `update_datetime`, `remark`, `parent_code`, `system_code`) values('SM201612232056188508','发保合','1','/biz/manage.htm','1','admin',now(),'','SM2016122320415190759','CD-CCD000003');
insert into `tsys_menu` (`code`, `name`, `type`, `url`, `order_no`, `updater`, `update_datetime`, `remark`, `parent_code`, `system_code`) values('SM2016122320571551279','收款回录','1','/biz/back.htm','2','admin',now(),'','SM2016122320415190759','CD-CCD000003');
insert into `tsys_menu` (`code`, `name`, `type`, `url`, `order_no`, `updater`, `update_datetime`, `remark`, `parent_code`, `system_code`) values('SM2016122321024303854','分配','2','/edit1','1','admin',now(),'','SM2016122320395399595','CD-CCD000003');
insert into `tsys_menu` (`code`, `name`, `type`, `url`, `order_no`, `updater`, `update_datetime`, `remark`, `parent_code`, `system_code`) values('SM2016122321033432155','回录','2','/back','2','admin',now(),'','SM2016122320395399595','CD-CCD000003');
insert into `tsys_menu` (`code`, `name`, `type`, `url`, `order_no`, `updater`, `update_datetime`, `remark`, `parent_code`, `system_code`) values('SM201612232111159968','新增','2','/add','3','admin',now(),'','SM2016122320244732812','CD-CCD000003');
insert into `tsys_menu` (`code`, `name`, `type`, `url`, `order_no`, `updater`, `update_datetime`, `remark`, `parent_code`, `system_code`) values('SM2016122321121540124','删除','2','/delete','4','admin',now(),'','SM2016122320244732812','CD-CCD000003');
insert into `tsys_menu` (`code`, `name`, `type`, `url`, `order_no`, `updater`, `update_datetime`, `remark`, `parent_code`, `system_code`) values('SM2016122321130298038','修改','2','/edit','5','admin',now(),'','SM2016122320244732812','CD-CCD000003');
insert into `tsys_menu` (`code`, `name`, `type`, `url`, `order_no`, `updater`, `update_datetime`, `remark`, `parent_code`, `system_code`) values('SM2016122321152632018','征信调查','2','/research','6','admin',now(),'','SM2016122320244732812','CD-CCD000003');
insert into `tsys_menu` (`code`, `name`, `type`, `url`, `order_no`, `updater`, `update_datetime`, `remark`, `parent_code`, `system_code`) values('SM2016122321163580618','详情','2','/detail','7','admin',now(),'','SM2016122320244732812','CD-CCD000003');
insert into `tsys_menu` (`code`, `name`, `type`, `url`, `order_no`, `updater`, `update_datetime`, `remark`, `parent_code`, `system_code`) values('SM2016122321380968149','资料录入','2','/edit1','1','admin',now(),'','SM2016122320431568896','CD-CCD000003');
insert into `tsys_menu` (`code`, `name`, `type`, `url`, `order_no`, `updater`, `update_datetime`, `remark`, `parent_code`, `system_code`) values('SM2016122321385985134','合规审查','2','/check1','2','admin',now(),'','SM2016122320431568896','CD-CCD000003');
insert into `tsys_menu` (`code`, `name`, `type`, `url`, `order_no`, `updater`, `update_datetime`, `remark`, `parent_code`, `system_code`) values('SM2016122321401084458','额度审批','2','/approval','3','admin',now(),'','SM2016122320431568896','CD-CCD000003');
insert into `tsys_menu` (`code`, `name`, `type`, `url`, `order_no`, `updater`, `update_datetime`, `remark`, `parent_code`, `system_code`) values('SM2016122321413915839','补充附件','2','/options','4','admin',now(),'','SM2016122320431568896','CD-CCD000003');
insert into `tsys_menu` (`code`, `name`, `type`, `url`, `order_no`, `updater`, `update_datetime`, `remark`, `parent_code`, `system_code`) values('SM2016122321433885399','回访','2','/return','1','admin',now(),'','SM2016122320441711460','CD-CCD000003');
insert into `tsys_menu` (`code`, `name`, `type`, `url`, `order_no`, `updater`, `update_datetime`, `remark`, `parent_code`, `system_code`) values('SM201612232145245613','补充','2','/add1','1','admin',now(),'','SM2016122320451524229','CD-CCD000003');
insert into `tsys_menu` (`code`, `name`, `type`, `url`, `order_no`, `updater`, `update_datetime`, `remark`, `parent_code`, `system_code`) values('SM2016122321465445038','复核','2','/add1','1','admin',now(),'','SM2016122320481649317','CD-CCD000003');
insert into `tsys_menu` (`code`, `name`, `type`, `url`, `order_no`, `updater`, `update_datetime`, `remark`, `parent_code`, `system_code`) values('SM2016122321482735223','打款回录','2','/transfer','2','admin',now(),'','SM2016122320481649317','CD-CCD000003');
insert into `tsys_menu` (`code`, `name`, `type`, `url`, `order_no`, `updater`, `update_datetime`, `remark`, `parent_code`, `system_code`) values('SM2016122321491344083','导出','2','/export','3','admin',now(),'','SM2016122320481649317','CD-CCD000003');
insert into `tsys_menu` (`code`, `name`, `type`, `url`, `order_no`, `updater`, `update_datetime`, `remark`, `parent_code`, `system_code`) values('SM2016122321524137292','上传','2','/add1','1','admin',now(),'','SM201612232056188508','CD-CCD000003');
insert into `tsys_menu` (`code`, `name`, `type`, `url`, `order_no`, `updater`, `update_datetime`, `remark`, `parent_code`, `system_code`) values('SM2016122321532257027','修改','2','/edit','2','admin',now(),'','SM201612232056188508','CD-CCD000003');
insert into `tsys_menu` (`code`, `name`, `type`, `url`, `order_no`, `updater`, `update_datetime`, `remark`, `parent_code`, `system_code`) values('SM201612232154073513','下载','2','/download','3','admin',now(),'','SM201612232056188508','CD-CCD000003');
insert into `tsys_menu` (`code`, `name`, `type`, `url`, `order_no`, `updater`, `update_datetime`, `remark`, `parent_code`, `system_code`) values('SM2016122321545700250','详情','2','/detail','4','admin',now(),'','SM201612232056188508','CD-CCD000003');
insert into `tsys_menu` (`code`, `name`, `type`, `url`, `order_no`, `updater`, `update_datetime`, `remark`, `parent_code`, `system_code`) values('SM2016122321582844177','回录','2','/add1','1','admin',now(),'','SM2016122320571551279','CD-CCD000003');
insert into `tsys_menu` (`code`, `name`, `type`, `url`, `order_no`, `updater`, `update_datetime`, `remark`, `parent_code`, `system_code`) values('SM2016122321594981257','导出','2','/export','2','admin',now(),'','SM2016122320571551279','CD-CCD000003');
insert into `tsys_menu` (`code`, `name`, `type`, `url`, `order_no`, `updater`, `update_datetime`, `remark`, `parent_code`, `system_code`) values('SM201612232203124916','贷后管理','1','#','4','admin',now(),'','SM201612231757239863','CD-CCD000003');
insert into `tsys_menu` (`code`, `name`, `type`, `url`, `order_no`, `updater`, `update_datetime`, `remark`, `parent_code`, `system_code`) values('SM2016122322045170356','还款管理','1','#','3','admin',now(),'','SM201612231757239863','CD-CCD000003');
insert into `tsys_menu` (`code`, `name`, `type`, `url`, `order_no`, `updater`, `update_datetime`, `remark`, `parent_code`, `system_code`) values('SM2016122322052682143','资料传递','1','#','5','admin',now(),'','SM201612231757239863','CD-CCD000003');
insert into `tsys_menu` (`code`, `name`, `type`, `url`, `order_no`, `updater`, `update_datetime`, `remark`, `parent_code`, `system_code`) values('SM2016122322080486119','汽车登记','1','/biz/record.htm','1','admin',now(),'','SM201612232203124916','CD-CCD000003');
insert into `tsys_menu` (`code`, `name`, `type`, `url`, `order_no`, `updater`, `update_datetime`, `remark`, `parent_code`, `system_code`) values('SM2016122322093598324','保单登记','1','/biz/insurance.htm','2','admin',now(),'','SM201612232203124916','CD-CCD000003');
insert into `tsys_menu` (`code`, `name`, `type`, `url`, `order_no`, `updater`, `update_datetime`, `remark`, `parent_code`, `system_code`) values('SM2016122322112704319','登记','2','/edit1','1','admin',now(),'','SM2016122322080486119','CD-CCD000003');
insert into `tsys_menu` (`code`, `name`, `type`, `url`, `order_no`, `updater`, `update_datetime`, `remark`, `parent_code`, `system_code`) values('SM2016122322124365499','释放','2','/release','2','admin',now(),'','SM2016122322080486119','CD-CCD000003');
insert into `tsys_menu` (`code`, `name`, `type`, `url`, `order_no`, `updater`, `update_datetime`, `remark`, `parent_code`, `system_code`) values('SM2016122322131682615','详情','2','/detail','3','admin',now(),'','SM2016122322080486119','CD-CCD000003');
insert into `tsys_menu` (`code`, `name`, `type`, `url`, `order_no`, `updater`, `update_datetime`, `remark`, `parent_code`, `system_code`) values('SM2016122322135989377','导出','2','/export','4','admin',now(),'','SM2016122322080486119','CD-CCD000003');
insert into `tsys_menu` (`code`, `name`, `type`, `url`, `order_no`, `updater`, `update_datetime`, `remark`, `parent_code`, `system_code`) values('SM201612232218495520','导入还款信息','1','/biz/import.htm','1','admin',now(),'','SM2016122322045170356','CD-CCD000003');
insert into `tsys_menu` (`code`, `name`, `type`, `url`, `order_no`, `updater`, `update_datetime`, `remark`, `parent_code`, `system_code`) values('SM2016122322211196684',' 逾期客户查询','1','/biz/select.htm','2','admin',now(),'','SM2016122322045170356','CD-CCD000003');
insert into `tsys_menu` (`code`, `name`, `type`, `url`, `order_no`, `updater`, `update_datetime`, `remark`, `parent_code`, `system_code`) values('SM2016122322221604352','提前还款','1','/biz/preback.htm','3','admin',now(),'','SM2016122322045170356','CD-CCD000003');
insert into `tsys_menu` (`code`, `name`, `type`, `url`, `order_no`, `updater`, `update_datetime`, `remark`, `parent_code`, `system_code`) values('SM2016122322232413621','还款卡管理','1','/biz/card.htm','4','admin',now(),'','SM2016122322045170356','CD-CCD000003');
insert into `tsys_menu` (`code`, `name`, `type`, `url`, `order_no`, `updater`, `update_datetime`, `remark`, `parent_code`, `system_code`) values('SM2016122322324612281','导入','2','/add','1','admin',now(),'','SM201612232218495520','CD-CCD000003');
insert into `tsys_menu` (`code`, `name`, `type`, `url`, `order_no`, `updater`, `update_datetime`, `remark`, `parent_code`, `system_code`) values('SM2016122322371445519','筛选逾期','2','/compare','6','admin',now(),'','SM201612232218495520','CD-CCD000003');
insert into `tsys_menu` (`code`, `name`, `type`, `url`, `order_no`, `updater`, `update_datetime`, `remark`, `parent_code`, `system_code`) values('SM2016122322381043222','已还欠款','2','/debt','4','admin',now(),'','SM2016122322211196684','CD-CCD000003');
insert into `tsys_menu` (`code`, `name`, `type`, `url`, `order_no`, `updater`, `update_datetime`, `remark`, `parent_code`, `system_code`) values('SM2016122322393016412','短信催款','2','/message','2','admin',now(),'','SM2016122322211196684','CD-CCD000003');
insert into `tsys_menu` (`code`, `name`, `type`, `url`, `order_no`, `updater`, `update_datetime`, `remark`, `parent_code`, `system_code`) values('SM2016122322405020917','决定起诉','2','/warn','3','admin',now(),'','SM2016122322211196684','CD-CCD000003');
insert into `tsys_menu` (`code`, `name`, `type`, `url`, `order_no`, `updater`, `update_datetime`, `remark`, `parent_code`, `system_code`) values('SM2016122409263125711','提前还款','2','/preback','1','admin',now(),'','SM2016122322221604352','CD-CCD000003');
insert into `tsys_menu` (`code`, `name`, `type`, `url`, `order_no`, `updater`, `update_datetime`, `remark`, `parent_code`, `system_code`) values('SM2016122409273750251','更换','2','/edit','1','admin',now(),'','SM2016122322232413621','CD-CCD000003');
insert into `tsys_menu` (`code`, `name`, `type`, `url`, `order_no`, `updater`, `update_datetime`, `remark`, `parent_code`, `system_code`) values('SM2016122409293205742','资料传递','1','/biz/submit.htm','1','admin',now(),'','SM2016122322052682143','CD-CCD000003');
insert into `tsys_menu` (`code`, `name`, `type`, `url`, `order_no`, `updater`, `update_datetime`, `remark`, `parent_code`, `system_code`) values('SM2016122409335989554','移交','2','/add','1','admin',now(),'','SM2016122409293205742','CD-CCD000003');
insert into `tsys_menu` (`code`, `name`, `type`, `url`, `order_no`, `updater`, `update_datetime`, `remark`, `parent_code`, `system_code`) values('SM2016122715200360491','新增','2','/add','1','admin',now(),'','CCDSM201600001000000003','CD-CCD000003');
insert into `tsys_menu` (`code`, `name`, `type`, `url`, `order_no`, `updater`, `update_datetime`, `remark`, `parent_code`, `system_code`) values('SM201612271531430593','保单登记','2','/regist','0','admin',now(),'','SM2016122322093598324','CD-CCD000003');
insert into `tsys_menu` (`code`, `name`, `type`, `url`, `order_no`, `updater`, `update_datetime`, `remark`, `parent_code`, `system_code`) values('SM201612271532148667','续保短信','2','/xbdx','1','admin',now(),'','SM2016122322093598324','CD-CCD000003');
insert into `tsys_menu` (`code`, `name`, `type`, `url`, `order_no`, `updater`, `update_datetime`, `remark`, `parent_code`, `system_code`) values('SM2016122715324600970','详情','2','/detail','2','admin',now(),'','SM2016122322093598324','CD-CCD000003');
insert into `tsys_menu` (`code`, `name`, `type`, `url`, `order_no`, `updater`, `update_datetime`, `remark`, `parent_code`, `system_code`) values('SM201612271533059487','导出','2','/export','3','admin',now(),'','SM2016122322093598324','CD-CCD000003');
insert into `tsys_menu` (`code`, `name`, `type`, `url`, `order_no`, `updater`, `update_datetime`, `remark`, `parent_code`, `system_code`) values('SM2016122715345891623','接收','2','/receive','2','admin',now(),'','SM2016122409293205742','CD-CCD000003');
insert into `tsys_menu` (`code`, `name`, `type`, `url`, `order_no`, `updater`, `update_datetime`, `remark`, `parent_code`, `system_code`) values('SM2016122715353539816','复核','2','/checked','3','admin',now(),'','SM2016122409293205742','CD-CCD000003');
insert into `tsys_menu` (`code`, `name`, `type`, `url`, `order_no`, `updater`, `update_datetime`, `remark`, `parent_code`, `system_code`) values('SM2017011017155666894','统计分析','1','#','2','admin',now(),'','SM2016122318155417298','CD-CCD000003');
insert into `tsys_menu` (`code`, `name`, `type`, `url`, `order_no`, `updater`, `update_datetime`, `remark`, `parent_code`, `system_code`) values('SM201701101717151111','节点耗时分析','1','/analysis/node.htm','1','admin',now(),'','SM2017011017155666894','CD-CCD000003');
insert into `tsys_menu` (`code`, `name`, `type`, `url`, `order_no`, `updater`, `update_datetime`, `remark`, `parent_code`, `system_code`) values('SM2017011017180732174','业务区域分析','1','/analysis/area.htm','2','admin',now(),'','SM2017011017155666894','CD-CCD000003');
insert into `tsys_menu` (`code`, `name`, `type`, `url`, `order_no`, `updater`, `update_datetime`, `remark`, `parent_code`, `system_code`) values('SM201701131855571326','查询分析','1','#','1','admin',now(),'','SM2016122318155417298','CD-CCD000003');
insert into `tsys_menu` (`code`, `name`, `type`, `url`, `order_no`, `updater`, `update_datetime`, `remark`, `parent_code`, `system_code`) values('SM2017011318590016913','业务查询','1','/analysis/business.htm','1','admin',now(),'','SM201701131855571326','CD-CCD000003');
insert into `tsys_menu` (`code`, `name`, `type`, `url`, `order_no`, `updater`, `update_datetime`, `remark`, `parent_code`, `system_code`) values('SM2017011319540042896','节点耗时','2','/detail1','1','admin',now(),'','SM2017011318590016913','CD-CCD000003');
insert into `tsys_menu` (`code`, `name`, `type`, `url`, `order_no`, `updater`, `update_datetime`, `remark`, `parent_code`, `system_code`) values('SM2017011319543614967','详情','2','/detail','2','admin',now(),'','SM2017011318590016913','CD-CCD000003');
insert into `tsys_menu` (`code`, `name`, `type`, `url`, `order_no`, `updater`, `update_datetime`, `remark`, `parent_code`, `system_code`) values('SM2017011418105020031','基础数据','1','#','1','admin',now(),'','CCDSM201600001000000000','CD-CCD000003');
insert into `tsys_menu` (`code`, `name`, `type`, `url`, `order_no`, `updater`, `update_datetime`, `remark`, `parent_code`, `system_code`) values('SM2017011418225121513','基础数据','1','#','1','admin',now(),'','SM2017011418105020031','CD-CCD000003');
insert into `tsys_menu` (`code`, `name`, `type`, `url`, `order_no`, `updater`, `update_datetime`, `remark`, `parent_code`, `system_code`) values('SM2017011418244493855','车行管理','1','/data/car.htm','1','admin',now(),'','SM2017011418225121513','CD-CCD000003');
insert into `tsys_menu` (`code`, `name`, `type`, `url`, `order_no`, `updater`, `update_datetime`, `remark`, `parent_code`, `system_code`) values('SM2017011418261575281','保险公司管理','1','/data/secure.htm','2','admin',now(),'','SM2017011418225121513','CD-CCD000003');
insert into `tsys_menu` (`code`, `name`, `type`, `url`, `order_no`, `updater`, `update_datetime`, `remark`, `parent_code`, `system_code`) values('SM2017011418272529584','险种管理','1','/data/insukind.htm','3','admin',now(),'','SM2017011418225121513','CD-CCD000003');
insert into `tsys_menu` (`code`, `name`, `type`, `url`, `order_no`, `updater`, `update_datetime`, `remark`, `parent_code`, `system_code`) values('SM2017011418285542442','地区管理','1','/data/zone.htm','4','admin',now(),'','SM2017011418225121513','CD-CCD000003');
insert into `tsys_menu` (`code`, `name`, `type`, `url`, `order_no`, `updater`, `update_datetime`, `remark`, `parent_code`, `system_code`) values('SM2017011418313153570','新增','2','/add','1','admin',now(),'','SM2017011418244493855','CD-CCD000003');
insert into `tsys_menu` (`code`, `name`, `type`, `url`, `order_no`, `updater`, `update_datetime`, `remark`, `parent_code`, `system_code`) values('SM2017011418321610953','删除','2','/delete','2','admin',now(),'','SM2017011418244493855','CD-CCD000003');
insert into `tsys_menu` (`code`, `name`, `type`, `url`, `order_no`, `updater`, `update_datetime`, `remark`, `parent_code`, `system_code`) values('SM2017011418325769713','修改','2','/edit','3','admin',now(),'','SM2017011418244493855','CD-CCD000003');
insert into `tsys_menu` (`code`, `name`, `type`, `url`, `order_no`, `updater`, `update_datetime`, `remark`, `parent_code`, `system_code`) values('SM2017011418332949740','详情','2','/detail','4','admin',now(),'','SM2017011418244493855','CD-CCD000003');
insert into `tsys_menu` (`code`, `name`, `type`, `url`, `order_no`, `updater`, `update_datetime`, `remark`, `parent_code`, `system_code`) values('SM2017011418344629250','新增','2','/add','1','admin',now(),'','SM2017011418261575281','CD-CCD000003');
insert into `tsys_menu` (`code`, `name`, `type`, `url`, `order_no`, `updater`, `update_datetime`, `remark`, `parent_code`, `system_code`) values('SM2017011418352173199','删除','2','/delete','2','admin',now(),'','SM2017011418261575281','CD-CCD000003');
insert into `tsys_menu` (`code`, `name`, `type`, `url`, `order_no`, `updater`, `update_datetime`, `remark`, `parent_code`, `system_code`) values('SM2017011418355522129','修改','2','/edit','3','admin',now(),'','SM2017011418261575281','CD-CCD000003');
insert into `tsys_menu` (`code`, `name`, `type`, `url`, `order_no`, `updater`, `update_datetime`, `remark`, `parent_code`, `system_code`) values('SM2017011418362930747','新增','2','/add','1','admin',now(),'','SM2017011418272529584','CD-CCD000003');
insert into `tsys_menu` (`code`, `name`, `type`, `url`, `order_no`, `updater`, `update_datetime`, `remark`, `parent_code`, `system_code`) values('SM2017011418365833676','删除','2','/delete','2','admin',now(),'','SM2017011418272529584','CD-CCD000003');
insert into `tsys_menu` (`code`, `name`, `type`, `url`, `order_no`, `updater`, `update_datetime`, `remark`, `parent_code`, `system_code`) values('SM201701141837292677','修改','2','/edit','3','admin',now(),'','SM2017011418272529584','CD-CCD000003');
insert into `tsys_menu` (`code`, `name`, `type`, `url`, `order_no`, `updater`, `update_datetime`, `remark`, `parent_code`, `system_code`) values('SM2017011418380316653','新增','2','/add','1','admin',now(),'','SM2017011418285542442','CD-CCD000003');
insert into `tsys_menu` (`code`, `name`, `type`, `url`, `order_no`, `updater`, `update_datetime`, `remark`, `parent_code`, `system_code`) values('SM2017011418383836526','删除','2','/delete','2','admin',now(),'','SM2017011418285542442','CD-CCD000003');
insert into `tsys_menu` (`code`, `name`, `type`, `url`, `order_no`, `updater`, `update_datetime`, `remark`, `parent_code`, `system_code`) values('SM2017011418391182674','修改','2','/edit','3','admin',now(),'','SM2017011418285542442','CD-CCD000003');


insert into `tsys_role` (`code`, `name`, `level`, `updater`, `update_datetime`, `remark`, `system_code`) values('CCDSM201600000000000000','超级管理员','5','admin',now(),NULL,'CD-CCD000003');
insert into `tsys_role` (`code`, `name`, `level`, `updater`, `update_datetime`, `remark`, `system_code`) values('SR2016122515012575166','业务员','1','admin',now(),'','CD-CCD000003');
insert into `tsys_role` (`code`, `name`, `level`, `updater`, `update_datetime`, `remark`, `system_code`) values('SR2016122515014423585','调查员','2','admin',now(),'','CD-CCD000003');
insert into `tsys_role` (`code`, `name`, `level`, `updater`, `update_datetime`, `remark`, `system_code`) values('SR2017010713402529122','抄写员','2','admin',now(),'','CD-CCD000003');




insert into `tsys_menu_role` (`role_code`, `menu_code`, `updater`, `update_datetime`, `remark`, `system_code`) values('CCDSM201600000000000000','CCDSM201600000000000000','admin',now(),NULL,'CD-CCD000003');
insert into `tsys_menu_role` (`role_code`, `menu_code`, `updater`, `update_datetime`, `remark`, `system_code`) values('CCDSM201600000000000000','CCDSM201600001000000000','admin',now(),NULL,'CD-CCD000003');
insert into `tsys_menu_role` (`role_code`, `menu_code`, `updater`, `update_datetime`, `remark`, `system_code`) values('CCDSM201600000000000000','CCDSM201600001000000001','admin',now(),NULL,'CD-CCD000003');
insert into `tsys_menu_role` (`role_code`, `menu_code`, `updater`, `update_datetime`, `remark`, `system_code`) values('CCDSM201600000000000000','CCDSM201600001000000002','admin',now(),NULL,'CD-CCD000003');
insert into `tsys_menu_role` (`role_code`, `menu_code`, `updater`, `update_datetime`, `remark`, `system_code`) values('CCDSM201600000000000000','CCDSM201600001000000003','admin',now(),NULL,'CD-CCD000003');
insert into `tsys_menu_role` (`role_code`, `menu_code`, `updater`, `update_datetime`, `remark`, `system_code`) values('CCDSM201600000000000000','CCDSM201600001000000004','admin',now(),NULL,'CD-CCD000003');
insert into `tsys_menu_role` (`role_code`, `menu_code`, `updater`, `update_datetime`, `remark`, `system_code`) values('CCDSM201600000000000000','SM2016122715200360491','admin',now(),NULL,'CD-CCD000003');
insert into `tsys_menu_role` (`role_code`, `menu_code`, `updater`, `update_datetime`, `remark`, `system_code`) values('CCDSM201600000000000000','CCDSM2016101716290657836','admin',now(),NULL,'CD-CCD000003');
insert into `tsys_menu_role` (`role_code`, `menu_code`, `updater`, `update_datetime`, `remark`, `system_code`) values('CCDSM201600000000000000','CCDSM2016101719140087629','admin',now(),NULL,'CD-CCD000003');
insert into `tsys_menu_role` (`role_code`, `menu_code`, `updater`, `update_datetime`, `remark`, `system_code`) values('CCDSM201600000000000000','CCDSM2016101716295904680','admin',now(),NULL,'CD-CCD000003');
insert into `tsys_menu_role` (`role_code`, `menu_code`, `updater`, `update_datetime`, `remark`, `system_code`) values('CCDSM201600000000000000','CCDSM2016101719143965297','admin',now(),NULL,'CD-CCD000003');
insert into `tsys_menu_role` (`role_code`, `menu_code`, `updater`, `update_datetime`, `remark`, `system_code`) values('CCDSM201600000000000000','CCDSM2016101716241339082','admin',now(),NULL,'CD-CCD000003');
insert into `tsys_menu_role` (`role_code`, `menu_code`, `updater`, `update_datetime`, `remark`, `system_code`) values('CCDSM201600000000000000','CCDSM2016101716253866426','admin',now(),NULL,'CD-CCD000003');
insert into `tsys_menu_role` (`role_code`, `menu_code`, `updater`, `update_datetime`, `remark`, `system_code`) values('CCDSM201600000000000000','CCDSM2016101716450533995','admin',now(),NULL,'CD-CCD000003');
insert into `tsys_menu_role` (`role_code`, `menu_code`, `updater`, `update_datetime`, `remark`, `system_code`) values('CCDSM201600000000000000','CCDSM2016101717551955993','admin',now(),NULL,'CD-CCD000003');
insert into `tsys_menu_role` (`role_code`, `menu_code`, `updater`, `update_datetime`, `remark`, `system_code`) values('CCDSM201600000000000000','CCDSM2016101717560118734','admin',now(),NULL,'CD-CCD000003');
insert into `tsys_menu_role` (`role_code`, `menu_code`, `updater`, `update_datetime`, `remark`, `system_code`) values('CCDSM201600000000000000','CCDSM2016101717563661357','admin',now(),NULL,'CD-CCD000003');
insert into `tsys_menu_role` (`role_code`, `menu_code`, `updater`, `update_datetime`, `remark`, `system_code`) values('CCDSM201600000000000000','CCDSM2016101716261754674','admin',now(),NULL,'CD-CCD000003');
insert into `tsys_menu_role` (`role_code`, `menu_code`, `updater`, `update_datetime`, `remark`, `system_code`) values('CCDSM201600000000000000','CCDSM2016101719082391126','admin',now(),NULL,'CD-CCD000003');
insert into `tsys_menu_role` (`role_code`, `menu_code`, `updater`, `update_datetime`, `remark`, `system_code`) values('CCDSM201600000000000000','CCDSM2016101719094151894','admin',now(),NULL,'CD-CCD000003');
insert into `tsys_menu_role` (`role_code`, `menu_code`, `updater`, `update_datetime`, `remark`, `system_code`) values('CCDSM201600000000000000','CCDSM2016101719100760088','admin',now(),NULL,'CD-CCD000003');
insert into `tsys_menu_role` (`role_code`, `menu_code`, `updater`, `update_datetime`, `remark`, `system_code`) values('CCDSM201600000000000000','CCDSM2016101719110981215','admin',now(),NULL,'CD-CCD000003');
insert into `tsys_menu_role` (`role_code`, `menu_code`, `updater`, `update_datetime`, `remark`, `system_code`) values('CCDSM201600000000000000','SM201612231757239863','admin',now(),NULL,'CD-CCD000003');
insert into `tsys_menu_role` (`role_code`, `menu_code`, `updater`, `update_datetime`, `remark`, `system_code`) values('CCDSM201600000000000000','SM2016122320154950550','admin',now(),NULL,'CD-CCD000003');
insert into `tsys_menu_role` (`role_code`, `menu_code`, `updater`, `update_datetime`, `remark`, `system_code`) values('CCDSM201600000000000000','SM2016122320244732812','admin',now(),NULL,'CD-CCD000003');
insert into `tsys_menu_role` (`role_code`, `menu_code`, `updater`, `update_datetime`, `remark`, `system_code`) values('CCDSM201600000000000000','SM201612232111159968','admin',now(),NULL,'CD-CCD000003');
insert into `tsys_menu_role` (`role_code`, `menu_code`, `updater`, `update_datetime`, `remark`, `system_code`) values('CCDSM201600000000000000','SM2016122321130298038','admin',now(),NULL,'CD-CCD000003');
insert into `tsys_menu_role` (`role_code`, `menu_code`, `updater`, `update_datetime`, `remark`, `system_code`) values('CCDSM201600000000000000','SM2016122321152632018','admin',now(),NULL,'CD-CCD000003');
insert into `tsys_menu_role` (`role_code`, `menu_code`, `updater`, `update_datetime`, `remark`, `system_code`) values('CCDSM201600000000000000','SM2016122321163580618','admin',now(),NULL,'CD-CCD000003');
insert into `tsys_menu_role` (`role_code`, `menu_code`, `updater`, `update_datetime`, `remark`, `system_code`) values('CCDSM201600000000000000','SM2016122320395399595','admin',now(),NULL,'CD-CCD000003');
insert into `tsys_menu_role` (`role_code`, `menu_code`, `updater`, `update_datetime`, `remark`, `system_code`) values('CCDSM201600000000000000','SM2016122321024303854','admin',now(),NULL,'CD-CCD000003');
insert into `tsys_menu_role` (`role_code`, `menu_code`, `updater`, `update_datetime`, `remark`, `system_code`) values('CCDSM201600000000000000','SM2016122321033432155','admin',now(),NULL,'CD-CCD000003');
insert into `tsys_menu_role` (`role_code`, `menu_code`, `updater`, `update_datetime`, `remark`, `system_code`) values('CCDSM201600000000000000','SM2016122320431568896','admin',now(),NULL,'CD-CCD000003');
insert into `tsys_menu_role` (`role_code`, `menu_code`, `updater`, `update_datetime`, `remark`, `system_code`) values('CCDSM201600000000000000','SM2016122321380968149','admin',now(),NULL,'CD-CCD000003');
insert into `tsys_menu_role` (`role_code`, `menu_code`, `updater`, `update_datetime`, `remark`, `system_code`) values('CCDSM201600000000000000','SM2016122321385985134','admin',now(),NULL,'CD-CCD000003');
insert into `tsys_menu_role` (`role_code`, `menu_code`, `updater`, `update_datetime`, `remark`, `system_code`) values('CCDSM201600000000000000','SM2016122321401084458','admin',now(),NULL,'CD-CCD000003');
insert into `tsys_menu_role` (`role_code`, `menu_code`, `updater`, `update_datetime`, `remark`, `system_code`) values('CCDSM201600000000000000','SM2016122321413915839','admin',now(),NULL,'CD-CCD000003');
insert into `tsys_menu_role` (`role_code`, `menu_code`, `updater`, `update_datetime`, `remark`, `system_code`) values('CCDSM201600000000000000','SM2016122320441711460','admin',now(),NULL,'CD-CCD000003');
insert into `tsys_menu_role` (`role_code`, `menu_code`, `updater`, `update_datetime`, `remark`, `system_code`) values('CCDSM201600000000000000','SM2016122321433885399','admin',now(),NULL,'CD-CCD000003');
insert into `tsys_menu_role` (`role_code`, `menu_code`, `updater`, `update_datetime`, `remark`, `system_code`) values('CCDSM201600000000000000','SM2016122320451524229','admin',now(),NULL,'CD-CCD000003');
insert into `tsys_menu_role` (`role_code`, `menu_code`, `updater`, `update_datetime`, `remark`, `system_code`) values('CCDSM201600000000000000','SM201612232145245613','admin',now(),NULL,'CD-CCD000003');
insert into `tsys_menu_role` (`role_code`, `menu_code`, `updater`, `update_datetime`, `remark`, `system_code`) values('CCDSM201600000000000000','SM2016122320481649317','admin',now(),NULL,'CD-CCD000003');
insert into `tsys_menu_role` (`role_code`, `menu_code`, `updater`, `update_datetime`, `remark`, `system_code`) values('CCDSM201600000000000000','SM2016122321465445038','admin',now(),NULL,'CD-CCD000003');
insert into `tsys_menu_role` (`role_code`, `menu_code`, `updater`, `update_datetime`, `remark`, `system_code`) values('CCDSM201600000000000000','SM2016122321482735223','admin',now(),NULL,'CD-CCD000003');
insert into `tsys_menu_role` (`role_code`, `menu_code`, `updater`, `update_datetime`, `remark`, `system_code`) values('CCDSM201600000000000000','SM2016122321491344083','admin',now(),NULL,'CD-CCD000003');
insert into `tsys_menu_role` (`role_code`, `menu_code`, `updater`, `update_datetime`, `remark`, `system_code`) values('CCDSM201600000000000000','SM2016122320415190759','admin',now(),NULL,'CD-CCD000003');
insert into `tsys_menu_role` (`role_code`, `menu_code`, `updater`, `update_datetime`, `remark`, `system_code`) values('CCDSM201600000000000000','SM201612232056188508','admin',now(),NULL,'CD-CCD000003');
insert into `tsys_menu_role` (`role_code`, `menu_code`, `updater`, `update_datetime`, `remark`, `system_code`) values('CCDSM201600000000000000','SM2016122321524137292','admin',now(),NULL,'CD-CCD000003');
insert into `tsys_menu_role` (`role_code`, `menu_code`, `updater`, `update_datetime`, `remark`, `system_code`) values('CCDSM201600000000000000','SM2016122321545700250','admin',now(),NULL,'CD-CCD000003');
insert into `tsys_menu_role` (`role_code`, `menu_code`, `updater`, `update_datetime`, `remark`, `system_code`) values('CCDSM201600000000000000','SM2016122320571551279','admin',now(),NULL,'CD-CCD000003');
insert into `tsys_menu_role` (`role_code`, `menu_code`, `updater`, `update_datetime`, `remark`, `system_code`) values('CCDSM201600000000000000','SM2016122321582844177','admin',now(),NULL,'CD-CCD000003');
insert into `tsys_menu_role` (`role_code`, `menu_code`, `updater`, `update_datetime`, `remark`, `system_code`) values('CCDSM201600000000000000','SM2016122321594981257','admin',now(),NULL,'CD-CCD000003');
insert into `tsys_menu_role` (`role_code`, `menu_code`, `updater`, `update_datetime`, `remark`, `system_code`) values('CCDSM201600000000000000','SM201612232203124916','admin',now(),NULL,'CD-CCD000003');
insert into `tsys_menu_role` (`role_code`, `menu_code`, `updater`, `update_datetime`, `remark`, `system_code`) values('CCDSM201600000000000000','SM2016122322080486119','admin',now(),NULL,'CD-CCD000003');
insert into `tsys_menu_role` (`role_code`, `menu_code`, `updater`, `update_datetime`, `remark`, `system_code`) values('CCDSM201600000000000000','SM2016122322112704319','admin',now(),NULL,'CD-CCD000003');
insert into `tsys_menu_role` (`role_code`, `menu_code`, `updater`, `update_datetime`, `remark`, `system_code`) values('CCDSM201600000000000000','SM2016122322124365499','admin',now(),NULL,'CD-CCD000003');
insert into `tsys_menu_role` (`role_code`, `menu_code`, `updater`, `update_datetime`, `remark`, `system_code`) values('CCDSM201600000000000000','SM2016122322131682615','admin',now(),NULL,'CD-CCD000003');
insert into `tsys_menu_role` (`role_code`, `menu_code`, `updater`, `update_datetime`, `remark`, `system_code`) values('CCDSM201600000000000000','SM2016122322135989377','admin',now(),NULL,'CD-CCD000003');
insert into `tsys_menu_role` (`role_code`, `menu_code`, `updater`, `update_datetime`, `remark`, `system_code`) values('CCDSM201600000000000000','SM2016122322093598324','admin',now(),NULL,'CD-CCD000003');
insert into `tsys_menu_role` (`role_code`, `menu_code`, `updater`, `update_datetime`, `remark`, `system_code`) values('CCDSM201600000000000000','SM201612271531430593','admin',now(),NULL,'CD-CCD000003');
insert into `tsys_menu_role` (`role_code`, `menu_code`, `updater`, `update_datetime`, `remark`, `system_code`) values('CCDSM201600000000000000','SM201612271532148667','admin',now(),NULL,'CD-CCD000003');
insert into `tsys_menu_role` (`role_code`, `menu_code`, `updater`, `update_datetime`, `remark`, `system_code`) values('CCDSM201600000000000000','SM2016122715324600970','admin',now(),NULL,'CD-CCD000003');
insert into `tsys_menu_role` (`role_code`, `menu_code`, `updater`, `update_datetime`, `remark`, `system_code`) values('CCDSM201600000000000000','SM201612271533059487','admin',now(),NULL,'CD-CCD000003');
insert into `tsys_menu_role` (`role_code`, `menu_code`, `updater`, `update_datetime`, `remark`, `system_code`) values('CCDSM201600000000000000','SM2016122322045170356','admin',now(),NULL,'CD-CCD000003');
insert into `tsys_menu_role` (`role_code`, `menu_code`, `updater`, `update_datetime`, `remark`, `system_code`) values('CCDSM201600000000000000','SM201612232218495520','admin',now(),NULL,'CD-CCD000003');
insert into `tsys_menu_role` (`role_code`, `menu_code`, `updater`, `update_datetime`, `remark`, `system_code`) values('CCDSM201600000000000000','SM2016122322324612281','admin',now(),NULL,'CD-CCD000003');
insert into `tsys_menu_role` (`role_code`, `menu_code`, `updater`, `update_datetime`, `remark`, `system_code`) values('CCDSM201600000000000000','SM2016122322371445519','admin',now(),NULL,'CD-CCD000003');
insert into `tsys_menu_role` (`role_code`, `menu_code`, `updater`, `update_datetime`, `remark`, `system_code`) values('CCDSM201600000000000000','SM2016122322211196684','admin',now(),NULL,'CD-CCD000003');
insert into `tsys_menu_role` (`role_code`, `menu_code`, `updater`, `update_datetime`, `remark`, `system_code`) values('CCDSM201600000000000000','SM2016122322381043222','admin',now(),NULL,'CD-CCD000003');
insert into `tsys_menu_role` (`role_code`, `menu_code`, `updater`, `update_datetime`, `remark`, `system_code`) values('CCDSM201600000000000000','SM2016122322393016412','admin',now(),NULL,'CD-CCD000003');
insert into `tsys_menu_role` (`role_code`, `menu_code`, `updater`, `update_datetime`, `remark`, `system_code`) values('CCDSM201600000000000000','SM2016122322405020917','admin',now(),NULL,'CD-CCD000003');
insert into `tsys_menu_role` (`role_code`, `menu_code`, `updater`, `update_datetime`, `remark`, `system_code`) values('CCDSM201600000000000000','SM2016122322221604352','admin',now(),NULL,'CD-CCD000003');
insert into `tsys_menu_role` (`role_code`, `menu_code`, `updater`, `update_datetime`, `remark`, `system_code`) values('CCDSM201600000000000000','SM2016122409263125711','admin',now(),NULL,'CD-CCD000003');
insert into `tsys_menu_role` (`role_code`, `menu_code`, `updater`, `update_datetime`, `remark`, `system_code`) values('CCDSM201600000000000000','SM2016122322232413621','admin',now(),NULL,'CD-CCD000003');
insert into `tsys_menu_role` (`role_code`, `menu_code`, `updater`, `update_datetime`, `remark`, `system_code`) values('CCDSM201600000000000000','SM2016122409273750251','admin',now(),NULL,'CD-CCD000003');
insert into `tsys_menu_role` (`role_code`, `menu_code`, `updater`, `update_datetime`, `remark`, `system_code`) values('CCDSM201600000000000000','SM2016122322052682143','admin',now(),NULL,'CD-CCD000003');
insert into `tsys_menu_role` (`role_code`, `menu_code`, `updater`, `update_datetime`, `remark`, `system_code`) values('CCDSM201600000000000000','SM2016122409293205742','admin',now(),NULL,'CD-CCD000003');
insert into `tsys_menu_role` (`role_code`, `menu_code`, `updater`, `update_datetime`, `remark`, `system_code`) values('CCDSM201600000000000000','SM2016122409335989554','admin',now(),NULL,'CD-CCD000003');
insert into `tsys_menu_role` (`role_code`, `menu_code`, `updater`, `update_datetime`, `remark`, `system_code`) values('CCDSM201600000000000000','SM2016122715345891623','admin',now(),NULL,'CD-CCD000003');
insert into `tsys_menu_role` (`role_code`, `menu_code`, `updater`, `update_datetime`, `remark`, `system_code`) values('CCDSM201600000000000000','SM2016122715353539816','admin',now(),NULL,'CD-CCD000003');
insert into `tsys_menu_role` (`role_code`, `menu_code`, `updater`, `update_datetime`, `remark`, `system_code`) values('CCDSM201600000000000000','SM2016122318155417298','admin',now(),NULL,'CD-CCD000003');
insert into `tsys_menu_role` (`role_code`, `menu_code`, `updater`, `update_datetime`, `remark`, `system_code`) values('CCDSM201600000000000000','SM2017011017155666894','admin',now(),NULL,'CD-CCD000003');
insert into `tsys_menu_role` (`role_code`, `menu_code`, `updater`, `update_datetime`, `remark`, `system_code`) values('CCDSM201600000000000000','SM201701101717151111','admin',now(),NULL,'CD-CCD000003');
insert into `tsys_menu_role` (`role_code`, `menu_code`, `updater`, `update_datetime`, `remark`, `system_code`) values('CCDSM201600000000000000','SM2017011017180732174','admin',now(),NULL,'CD-CCD000003');
insert into `tsys_menu_role` (`role_code`, `menu_code`, `updater`, `update_datetime`, `remark`, `system_code`) values('CCDSM201600000000000000','SM201701131855571326','admin',now(),NULL,'CD-CCD000003');
insert into `tsys_menu_role` (`role_code`, `menu_code`, `updater`, `update_datetime`, `remark`, `system_code`) values('CCDSM201600000000000000','SM2017011318590016913','admin',now(),NULL,'CD-CCD000003');
insert into `tsys_menu_role` (`role_code`, `menu_code`, `updater`, `update_datetime`, `remark`, `system_code`) values('CCDSM201600000000000000','SM2017011319540042896','admin',now(),NULL,'CD-CCD000003');
insert into `tsys_menu_role` (`role_code`, `menu_code`, `updater`, `update_datetime`, `remark`, `system_code`) values('CCDSM201600000000000000','SM2017011319543614967','admin',now(),NULL,'CD-CCD000003');
insert into `tsys_menu_role` (`role_code`, `menu_code`, `updater`, `update_datetime`, `remark`, `system_code`) values('CCDSM201600000000000000','SM2017011418105020031','admin',now(),NULL,'CD-CCD000003');
insert into `tsys_menu_role` (`role_code`, `menu_code`, `updater`, `update_datetime`, `remark`, `system_code`) values('CCDSM201600000000000000','SM2017011418225121513','admin',now(),NULL,'CD-CCD000003');
insert into `tsys_menu_role` (`role_code`, `menu_code`, `updater`, `update_datetime`, `remark`, `system_code`) values('CCDSM201600000000000000','SM2017011418244493855','admin',now(),NULL,'CD-CCD000003');
insert into `tsys_menu_role` (`role_code`, `menu_code`, `updater`, `update_datetime`, `remark`, `system_code`) values('CCDSM201600000000000000','SM2017011418313153570','admin',now(),NULL,'CD-CCD000003');
insert into `tsys_menu_role` (`role_code`, `menu_code`, `updater`, `update_datetime`, `remark`, `system_code`) values('CCDSM201600000000000000','SM2017011418321610953','admin',now(),NULL,'CD-CCD000003');
insert into `tsys_menu_role` (`role_code`, `menu_code`, `updater`, `update_datetime`, `remark`, `system_code`) values('CCDSM201600000000000000','SM2017011418325769713','admin',now(),NULL,'CD-CCD000003');
insert into `tsys_menu_role` (`role_code`, `menu_code`, `updater`, `update_datetime`, `remark`, `system_code`) values('CCDSM201600000000000000','SM2017011418332949740','admin',now(),NULL,'CD-CCD000003');
insert into `tsys_menu_role` (`role_code`, `menu_code`, `updater`, `update_datetime`, `remark`, `system_code`) values('CCDSM201600000000000000','SM2017011418261575281','admin',now(),NULL,'CD-CCD000003');
insert into `tsys_menu_role` (`role_code`, `menu_code`, `updater`, `update_datetime`, `remark`, `system_code`) values('CCDSM201600000000000000','SM2017011418344629250','admin',now(),NULL,'CD-CCD000003');
insert into `tsys_menu_role` (`role_code`, `menu_code`, `updater`, `update_datetime`, `remark`, `system_code`) values('CCDSM201600000000000000','SM2017011418352173199','admin',now(),NULL,'CD-CCD000003');
insert into `tsys_menu_role` (`role_code`, `menu_code`, `updater`, `update_datetime`, `remark`, `system_code`) values('CCDSM201600000000000000','SM2017011418355522129','admin',now(),NULL,'CD-CCD000003');
insert into `tsys_menu_role` (`role_code`, `menu_code`, `updater`, `update_datetime`, `remark`, `system_code`) values('CCDSM201600000000000000','SM2017011418272529584','admin',now(),NULL,'CD-CCD000003');
insert into `tsys_menu_role` (`role_code`, `menu_code`, `updater`, `update_datetime`, `remark`, `system_code`) values('CCDSM201600000000000000','SM2017011418362930747','admin',now(),NULL,'CD-CCD000003');
insert into `tsys_menu_role` (`role_code`, `menu_code`, `updater`, `update_datetime`, `remark`, `system_code`) values('CCDSM201600000000000000','SM2017011418365833676','admin',now(),NULL,'CD-CCD000003');
insert into `tsys_menu_role` (`role_code`, `menu_code`, `updater`, `update_datetime`, `remark`, `system_code`) values('CCDSM201600000000000000','SM201701141837292677','admin',now(),NULL,'CD-CCD000003');
insert into `tsys_menu_role` (`role_code`, `menu_code`, `updater`, `update_datetime`, `remark`, `system_code`) values('CCDSM201600000000000000','SM2017011418285542442','admin',now(),NULL,'CD-CCD000003');
insert into `tsys_menu_role` (`role_code`, `menu_code`, `updater`, `update_datetime`, `remark`, `system_code`) values('CCDSM201600000000000000','SM2017011418380316653','admin',now(),NULL,'CD-CCD000003');
insert into `tsys_menu_role` (`role_code`, `menu_code`, `updater`, `update_datetime`, `remark`, `system_code`) values('CCDSM201600000000000000','SM2017011418383836526','admin',now(),NULL,'CD-CCD000003');
insert into `tsys_menu_role` (`role_code`, `menu_code`, `updater`, `update_datetime`, `remark`, `system_code`) values('CCDSM201600000000000000','SM2017011418391182674','admin',now(),NULL,'CD-CCD000003');
insert into `tsys_menu_role` (`role_code`, `menu_code`, `updater`, `update_datetime`, `remark`, `system_code`) values('SR2016122515012575166','CCDSM201600000000000000','admin',now(),NULL,'CD-CCD000003');
insert into `tsys_menu_role` (`role_code`, `menu_code`, `updater`, `update_datetime`, `remark`, `system_code`) values('SR2016122515012575166','CCDSM201600001000000000','admin',now(),NULL,'CD-CCD000003');
insert into `tsys_menu_role` (`role_code`, `menu_code`, `updater`, `update_datetime`, `remark`, `system_code`) values('SR2016122515012575166','SM201612231757239863','admin',now(),NULL,'CD-CCD000003');
insert into `tsys_menu_role` (`role_code`, `menu_code`, `updater`, `update_datetime`, `remark`, `system_code`) values('SR2016122515012575166','SM2016122320154950550','admin',now(),NULL,'CD-CCD000003');
insert into `tsys_menu_role` (`role_code`, `menu_code`, `updater`, `update_datetime`, `remark`, `system_code`) values('SR2016122515012575166','SM2016122320244732812','admin',now(),NULL,'CD-CCD000003');
insert into `tsys_menu_role` (`role_code`, `menu_code`, `updater`, `update_datetime`, `remark`, `system_code`) values('SR2016122515012575166','SM201612232111159968','admin',now(),NULL,'CD-CCD000003');
insert into `tsys_menu_role` (`role_code`, `menu_code`, `updater`, `update_datetime`, `remark`, `system_code`) values('SR2016122515012575166','SM2016122321130298038','admin',now(),NULL,'CD-CCD000003');
insert into `tsys_menu_role` (`role_code`, `menu_code`, `updater`, `update_datetime`, `remark`, `system_code`) values('SR2016122515012575166','SM2016122321152632018','admin',now(),NULL,'CD-CCD000003');
insert into `tsys_menu_role` (`role_code`, `menu_code`, `updater`, `update_datetime`, `remark`, `system_code`) values('SR2016122515012575166','SM2016122321163580618','admin',now(),NULL,'CD-CCD000003');




insert into `tsys_dict` (`system_code`, `type`, `parent_key`, `dkey`, `dvalue`, `updater`, `update_datetime`, `remark`) values('CD-CCD000003','0',NULL,'user_status','用户状态','admin',now(),'');
insert into `tsys_dict` (`system_code`, `type`, `parent_key`, `dkey`, `dvalue`, `updater`, `update_datetime`, `remark`) values('CD-CCD000003','1','user_status','0','正常','admin',now(),'');
insert into `tsys_dict` (`system_code`, `type`, `parent_key`, `dkey`, `dvalue`, `updater`, `update_datetime`, `remark`) values('CD-CCD000003','1','user_status','1','程序锁定','admin',now(),'');
insert into `tsys_dict` (`system_code`, `type`, `parent_key`, `dkey`, `dvalue`, `updater`, `update_datetime`, `remark`) values('CD-CCD000003','1','user_status','2','人工锁定','admin',now(),'');
insert into `tsys_dict` (`system_code`, `type`, `parent_key`, `dkey`, `dvalue`, `updater`, `update_datetime`, `remark`) values('CD-CCD000003','0',NULL,'id_kind','证件类型','admin',now(),'');
insert into `tsys_dict` (`system_code`, `type`, `parent_key`, `dkey`, `dvalue`, `updater`, `update_datetime`, `remark`) values('CD-CCD000003','1','id_kind','1','身份证','admin',now(),'');
insert into `tsys_dict` (`system_code`, `type`, `parent_key`, `dkey`, `dvalue`, `updater`, `update_datetime`, `remark`) values('CD-CCD000003','0',NULL,'res_type','资源类型','admin',now(),'');
insert into `tsys_dict` (`system_code`, `type`, `parent_key`, `dkey`, `dvalue`, `updater`, `update_datetime`, `remark`) values('CD-CCD000003','1','res_type','1','菜单','admin',now(),'');
insert into `tsys_dict` (`system_code`, `type`, `parent_key`, `dkey`, `dvalue`, `updater`, `update_datetime`, `remark`) values('CD-CCD000003','1','res_type','2','按钮','admin',now(),'');
insert into `tsys_dict` (`system_code`, `type`, `parent_key`, `dkey`, `dvalue`, `updater`, `update_datetime`, `remark`) values('CD-CCD000003','0',NULL,'lock_direction','锁定方向','admin',now(),'');
insert into `tsys_dict` (`system_code`, `type`, `parent_key`, `dkey`, `dvalue`, `updater`, `update_datetime`, `remark`) values('CD-CCD000003','1','lock_direction','1','用锁','admin',now(),'');
insert into `tsys_dict` (`system_code`, `type`, `parent_key`, `dkey`, `dvalue`, `updater`, `update_datetime`, `remark`) values('CD-CCD000003','1','lock_direction','2','解锁','admin',now(),'');
insert into `tsys_dict` (`system_code`, `type`, `parent_key`, `dkey`, `dvalue`, `updater`, `update_datetime`, `remark`) values('CD-CCD000003','0',NULL,'loan_type','贷款类型','admin',now(),'');
insert into `tsys_dict` (`system_code`, `type`, `parent_key`, `dkey`, `dvalue`, `updater`, `update_datetime`, `remark`) values('CD-CCD000003','1','loan_type','1','车贷','admin',now(),'');
insert into `tsys_dict` (`system_code`, `type`, `parent_key`, `dkey`, `dvalue`, `updater`, `update_datetime`, `remark`) values('CD-CCD000003','1','loan_type','2','房贷','admin',now(),'');
insert into `tsys_dict` (`system_code`, `type`, `parent_key`, `dkey`, `dvalue`, `updater`, `update_datetime`, `remark`) values('CD-CCD000003','1','loan_type','3','助学贷','admin',now(),'');
insert into `tsys_dict` (`system_code`, `type`, `parent_key`, `dkey`, `dvalue`, `updater`, `update_datetime`, `remark`) values('CD-CCD000003','0',NULL,'relation','关系','admin',now(),'');
insert into `tsys_dict` (`system_code`, `type`, `parent_key`, `dkey`, `dvalue`, `updater`, `update_datetime`, `remark`) values('CD-CCD000003','1','relation','0','本人','admin',now(),'');
insert into `tsys_dict` (`system_code`, `type`, `parent_key`, `dkey`, `dvalue`, `updater`, `update_datetime`, `remark`) values('CD-CCD000003','1','relation','1','妻子','admin',now(),'');
insert into `tsys_dict` (`system_code`, `type`, `parent_key`, `dkey`, `dvalue`, `updater`, `update_datetime`, `remark`) values('CD-CCD000003','1','relation','2','丈夫','admin',now(),NULL);
insert into `tsys_dict` (`system_code`, `type`, `parent_key`, `dkey`, `dvalue`, `updater`, `update_datetime`, `remark`) values('CD-CCD000003','1','relation','3','担保人','admin',now(),'');
insert into `tsys_dict` (`system_code`, `type`, `parent_key`, `dkey`, `dvalue`, `updater`, `update_datetime`, `remark`) values('CD-CCD000003','0',NULL,'audit_status','资信状态','admin',now(),'');
insert into `tsys_dict` (`system_code`, `type`, `parent_key`, `dkey`, `dvalue`, `updater`, `update_datetime`, `remark`) values('CD-CCD000003','1','audit_status','0','待审核','admin',now(),'');
insert into `tsys_dict` (`system_code`, `type`, `parent_key`, `dkey`, `dvalue`, `updater`, `update_datetime`, `remark`) values('CD-CCD000003','1','audit_status','1','审核通过','admin',now(),'');
insert into `tsys_dict` (`system_code`, `type`, `parent_key`, `dkey`, `dvalue`, `updater`, `update_datetime`, `remark`) values('CD-CCD000003','1','audit_status','2','审核不通过','admin',now(),'');
insert into `tsys_dict` (`system_code`, `type`, `parent_key`, `dkey`, `dvalue`, `updater`, `update_datetime`, `remark`) values('CD-CCD000003','0',NULL,'car_type','车行','admin',now(),'');
insert into `tsys_dict` (`system_code`, `type`, `parent_key`, `dkey`, `dvalue`, `updater`, `update_datetime`, `remark`) values('CD-CCD000003','1','car_type','1','宝马4s店','admin',now(),NULL);
insert into `tsys_dict` (`system_code`, `type`, `parent_key`, `dkey`, `dvalue`, `updater`, `update_datetime`, `remark`) values('CD-CCD000003','1','car_type','2','凯迪拉克4s店','admin',now(),NULL);
insert into `tsys_dict` (`system_code`, `type`, `parent_key`, `dkey`, `dvalue`, `updater`, `update_datetime`, `remark`) values('CD-CCD000003','1','car_type','3','本田4s店','admin',now(),NULL);
insert into `tsys_dict` (`system_code`, `type`, `parent_key`, `dkey`, `dvalue`, `updater`, `update_datetime`, `remark`) values('CD-CCD000003','0',NULL,'jb_bank','经办银行','admin',now(),'');
insert into `tsys_dict` (`system_code`, `type`, `parent_key`, `dkey`, `dvalue`, `updater`, `update_datetime`, `remark`) values('CD-CCD000003','1','jb_bank','1','中国农业银行','admin',now(),NULL);
insert into `tsys_dict` (`system_code`, `type`, `parent_key`, `dkey`, `dvalue`, `updater`, `update_datetime`, `remark`) values('CD-CCD000003','1','jb_bank','2','中国建设银行','admin',now(),NULL);
insert into `tsys_dict` (`system_code`, `type`, `parent_key`, `dkey`, `dvalue`, `updater`, `update_datetime`, `remark`) values('CD-CCD000003','1','jb_bank','3','中国民生银行','admin',now(),NULL);
insert into `tsys_dict` (`system_code`, `type`, `parent_key`, `dkey`, `dvalue`, `updater`, `update_datetime`, `remark`) values('CD-CCD000003','0',NULL,'credit_result','征信结果','admin',now(),'');
insert into `tsys_dict` (`system_code`, `type`, `parent_key`, `dkey`, `dvalue`, `updater`, `update_datetime`, `remark`) values('CD-CCD000003','1','credit_result','0','不通过','admin',now(),'');
insert into `tsys_dict` (`system_code`, `type`, `parent_key`, `dkey`, `dvalue`, `updater`, `update_datetime`, `remark`) values('CD-CCD000003','1','credit_result','1','通过','admin',now(),'');
insert into `tsys_dict` (`system_code`, `type`, `parent_key`, `dkey`, `dvalue`, `updater`, `update_datetime`, `remark`) values('CD-CCD000003','0',NULL,'court_result','法院结果','admin',now(),'');
insert into `tsys_dict` (`system_code`, `type`, `parent_key`, `dkey`, `dvalue`, `updater`, `update_datetime`, `remark`) values('CD-CCD000003','1','court_result','0','不通过','admin',now(),'');
insert into `tsys_dict` (`system_code`, `type`, `parent_key`, `dkey`, `dvalue`, `updater`, `update_datetime`, `remark`) values('CD-CCD000003','1','court_result','1','通过','admin',now(),'');
insert into `tsys_dict` (`system_code`, `type`, `parent_key`, `dkey`, `dvalue`, `updater`, `update_datetime`, `remark`) values('CD-CCD000003','0',NULL,'urgent','紧急度','admin',now(),'');
insert into `tsys_dict` (`system_code`, `type`, `parent_key`, `dkey`, `dvalue`, `updater`, `update_datetime`, `remark`) values('CD-CCD000003','1','urgent','0','一般','admin',now(),'');
insert into `tsys_dict` (`system_code`, `type`, `parent_key`, `dkey`, `dvalue`, `updater`, `update_datetime`, `remark`) values('CD-CCD000003','1','urgent','1','紧急','admin',now(),NULL);
insert into `tsys_dict` (`system_code`, `type`, `parent_key`, `dkey`, `dvalue`, `updater`, `update_datetime`, `remark`) values('CD-CCD000003','0',NULL,'loan_term','贷款期限','admin',now(),'');
insert into `tsys_dict` (`system_code`, `type`, `parent_key`, `dkey`, `dvalue`, `updater`, `update_datetime`, `remark`) values('CD-CCD000003','1','loan_term','12','12个月','admin',now(),'');
insert into `tsys_dict` (`system_code`, `type`, `parent_key`, `dkey`, `dvalue`, `updater`, `update_datetime`, `remark`) values('CD-CCD000003','1','loan_term','18','18个月','admin',now(),NULL);
insert into `tsys_dict` (`system_code`, `type`, `parent_key`, `dkey`, `dvalue`, `updater`, `update_datetime`, `remark`) values('CD-CCD000003','1','loan_term','24','24个月','admin',now(),NULL);
insert into `tsys_dict` (`system_code`, `type`, `parent_key`, `dkey`, `dvalue`, `updater`, `update_datetime`, `remark`) values('CD-CCD000003','1','loan_term','30','30个月','admin',now(),NULL);
insert into `tsys_dict` (`system_code`, `type`, `parent_key`, `dkey`, `dvalue`, `updater`, `update_datetime`, `remark`) values('CD-CCD000003','1','loan_term','36','36个月','admin',now(),NULL);
insert into `tsys_dict` (`system_code`, `type`, `parent_key`, `dkey`, `dvalue`, `updater`, `update_datetime`, `remark`) values('CD-CCD000003','0',NULL,'car_status','车辆状态','admin',now(),NULL);
insert into `tsys_dict` (`system_code`, `type`, `parent_key`, `dkey`, `dvalue`, `updater`, `update_datetime`, `remark`) values('CD-CCD000003','1','car_status','0','未录入','admin',now(),NULL);
insert into `tsys_dict` (`system_code`, `type`, `parent_key`, `dkey`, `dvalue`, `updater`, `update_datetime`, `remark`) values('CD-CCD000003','1','car_status','1','待释放','admin',now(),NULL);
insert into `tsys_dict` (`system_code`, `type`, `parent_key`, `dkey`, `dvalue`, `updater`, `update_datetime`, `remark`) values('CD-CCD000003','1','car_status','2','已释放','admin',now(),NULL);
insert into `tsys_dict` (`system_code`, `type`, `parent_key`, `dkey`, `dvalue`, `updater`, `update_datetime`, `remark`) values('CD-CCD000003','0',NULL,'express_status','资料状态','admin',now(),NULL);
insert into `tsys_dict` (`system_code`, `type`, `parent_key`, `dkey`, `dvalue`, `updater`, `update_datetime`, `remark`) values('CD-CCD000003','1','express_status','0','待签收','admin',now(),NULL);
insert into `tsys_dict` (`system_code`, `type`, `parent_key`, `dkey`, `dvalue`, `updater`, `update_datetime`, `remark`) values('CD-CCD000003','1','express_status','1','已签收','admin',now(),NULL);
insert into `tsys_dict` (`system_code`, `type`, `parent_key`, `dkey`, `dvalue`, `updater`, `update_datetime`, `remark`) values('CD-CCD000003','1','express_status','2','审核通过','admin',now(),NULL);
insert into `tsys_dict` (`system_code`, `type`, `parent_key`, `dkey`, `dvalue`, `updater`, `update_datetime`, `remark`) values('CD-CCD000003','1','express_status','3','审核不通过','admin',now(),NULL);
insert into `tsys_dict` (`system_code`, `type`, `parent_key`, `dkey`, `dvalue`, `updater`, `update_datetime`, `remark`) values('CD-CCD000003','0',NULL,'wl_company','物流公司','admin',now(),NULL);
insert into `tsys_dict` (`system_code`, `type`, `parent_key`, `dkey`, `dvalue`, `updater`, `update_datetime`, `remark`) values('CD-CCD000003','1','wl_company','EMS','邮政EMS','admin',now(),NULL);
insert into `tsys_dict` (`system_code`, `type`, `parent_key`, `dkey`, `dvalue`, `updater`, `update_datetime`, `remark`) values('CD-CCD000003','1','wl_company','STO','申通快递','admin',now(),NULL);
insert into `tsys_dict` (`system_code`, `type`, `parent_key`, `dkey`, `dvalue`, `updater`, `update_datetime`, `remark`) values('CD-CCD000003','1','wl_company','ZTO','中通快递','admin',now(),NULL);
insert into `tsys_dict` (`system_code`, `type`, `parent_key`, `dkey`, `dvalue`, `updater`, `update_datetime`, `remark`) values('CD-CCD000003','1','wl_company','YTO','圆通快递','admin',now(),NULL);
insert into `tsys_dict` (`system_code`, `type`, `parent_key`, `dkey`, `dvalue`, `updater`, `update_datetime`, `remark`) values('CD-CCD000003','1','wl_company','HTKY','汇通快递','admin',now(),NULL);
insert into `tsys_dict` (`system_code`, `type`, `parent_key`, `dkey`, `dvalue`, `updater`, `update_datetime`, `remark`) values('CD-CCD000003','1','wl_company','ZJS','宅急送','admin',now(),NULL);
insert into `tsys_dict` (`system_code`, `type`, `parent_key`, `dkey`, `dvalue`, `updater`, `update_datetime`, `remark`) values('CD-CCD000003','1','wl_company','SF','顺丰快递','admin',now(),NULL);
insert into `tsys_dict` (`system_code`, `type`, `parent_key`, `dkey`, `dvalue`, `updater`, `update_datetime`, `remark`) values('CD-CCD000003','1','wl_company','TTKD','天天快递','admin',now(),NULL);
insert into `tsys_dict` (`system_code`, `type`, `parent_key`, `dkey`, `dvalue`, `updater`, `update_datetime`, `remark`) values('CD-CCD000003','0',NULL,'jiao_event','交接事件','admin',now(),NULL);
insert into `tsys_dict` (`system_code`, `type`, `parent_key`, `dkey`, `dvalue`, `updater`, `update_datetime`, `remark`) values('CD-CCD000003','1','jiao_event','0','客户经理—内勤','admin',now(),NULL);
insert into `tsys_dict` (`system_code`, `type`, `parent_key`, `dkey`, `dvalue`, `updater`, `update_datetime`, `remark`) values('CD-CCD000003','1','jiao_event','1','分公司—总公司','admin',now(),NULL);
insert into `tsys_dict` (`system_code`, `type`, `parent_key`, `dkey`, `dvalue`, `updater`, `update_datetime`, `remark`) values('CD-CCD000003','1','jiao_event','2','公司—银行','admin',now(),NULL);
insert into `tsys_dict` (`system_code`, `type`, `parent_key`, `dkey`, `dvalue`, `updater`, `update_datetime`, `remark`) values('CD-CCD000003','0',NULL,'receive_company','收件单位','admin',now(),NULL);
insert into `tsys_dict` (`system_code`, `type`, `parent_key`, `dkey`, `dvalue`, `updater`, `update_datetime`, `remark`) values('CD-CCD000003','1','receive_company','0','内勤','admin',now(),NULL);
insert into `tsys_dict` (`system_code`, `type`, `parent_key`, `dkey`, `dvalue`, `updater`, `update_datetime`, `remark`) values('CD-CCD000003','1','receive_company','1','总公司','admin',now(),NULL);
insert into `tsys_dict` (`system_code`, `type`, `parent_key`, `dkey`, `dvalue`, `updater`, `update_datetime`, `remark`) values('CD-CCD000003','1','receive_company','2','银行（住行内勤）','admin',now(),NULL);
insert into `tsys_dict` (`system_code`, `type`, `parent_key`, `dkey`, `dvalue`, `updater`, `update_datetime`, `remark`) values('CD-CCD000003','0','','deli_company','寄件单位','admin',now(),NULL);
insert into `tsys_dict` (`system_code`, `type`, `parent_key`, `dkey`, `dvalue`, `updater`, `update_datetime`, `remark`) values('CD-CCD000003','1','deli_company','0','客户经理','admin',now(),NULL);
insert into `tsys_dict` (`system_code`, `type`, `parent_key`, `dkey`, `dvalue`, `updater`, `update_datetime`, `remark`) values('CD-CCD000003','1','deli_company','1','分公司','admin',now(),NULL);
insert into `tsys_dict` (`system_code`, `type`, `parent_key`, `dkey`, `dvalue`, `updater`, `update_datetime`, `remark`) values('CD-CCD000003','1','deli_company','2','公司','admin',now(),NULL);
insert into `tsys_dict` (`system_code`, `type`, `parent_key`, `dkey`, `dvalue`, `updater`, `update_datetime`, `remark`) values('CD-CCD000003','0',NULL,'repay_status','还款状态','admin',now(),NULL);
insert into `tsys_dict` (`system_code`, `type`, `parent_key`, `dkey`, `dvalue`, `updater`, `update_datetime`, `remark`) values('CD-CCD000003','1','repay_status','0','未导入还款信息','admin',now(),NULL);
insert into `tsys_dict` (`system_code`, `type`, `parent_key`, `dkey`, `dvalue`, `updater`, `update_datetime`, `remark`) values('CD-CCD000003','1','repay_status','1','已导入还款信息','admin',now(),NULL);
insert into `tsys_dict` (`system_code`, `type`, `parent_key`, `dkey`, `dvalue`, `updater`, `update_datetime`, `remark`) values('CD-CCD000003','1','repay_status','2','已还款','admin',now(),NULL);
insert into `tsys_dict` (`system_code`, `type`, `parent_key`, `dkey`, `dvalue`, `updater`, `update_datetime`, `remark`) values('CD-CCD000003','1','repay_status','3','逾期','admin',now(),NULL);
insert into `tsys_dict` (`system_code`, `type`, `parent_key`, `dkey`, `dvalue`, `updater`, `update_datetime`, `remark`) values('CD-CCD000003','1','repay_status','4','已发催款短信','admin',now(),NULL);
insert into `tsys_dict` (`system_code`, `type`, `parent_key`, `dkey`, `dvalue`, `updater`, `update_datetime`, `remark`) values('CD-CCD000003','1','repay_status','5','决定起诉','admin',now(),NULL);
insert into `tsys_dict` (`system_code`, `type`, `parent_key`, `dkey`, `dvalue`, `updater`, `update_datetime`, `remark`) values('CD-CCD000003','1','repay_status','6','提前还款','admin',now(),NULL);
insert into `tsys_dict` (`system_code`, `type`, `parent_key`, `dkey`, `dvalue`, `updater`, `update_datetime`, `remark`) values('CD-CCD000003','0',NULL,'node_type','节点名称','admin',now(),NULL);
insert into `tsys_dict` (`system_code`, `type`, `parent_key`, `dkey`, `dvalue`, `updater`, `update_datetime`, `remark`) values('CD-CCD000003','1','node_type','1','资信调查','admin',now(),NULL);
insert into `tsys_dict` (`system_code`, `type`, `parent_key`, `dkey`, `dvalue`, `updater`, `update_datetime`, `remark`) values('CD-CCD000003','1','node_type','2','调查分配','admin',now(),NULL);
insert into `tsys_dict` (`system_code`, `type`, `parent_key`, `dkey`, `dvalue`, `updater`, `update_datetime`, `remark`) values('CD-CCD000003','1','node_type','3','调查回录','admin',now(),NULL);
insert into `tsys_dict` (`system_code`, `type`, `parent_key`, `dkey`, `dvalue`, `updater`, `update_datetime`, `remark`) values('CD-CCD000003','1','node_type','4','资料录入','admin',now(),NULL);
insert into `tsys_dict` (`system_code`, `type`, `parent_key`, `dkey`, `dvalue`, `updater`, `update_datetime`, `remark`) values('CD-CCD000003','1','node_type','5','合规性审查','admin',now(),NULL);
insert into `tsys_dict` (`system_code`, `type`, `parent_key`, `dkey`, `dvalue`, `updater`, `update_datetime`, `remark`) values('CD-CCD000003','1','node_type','6','额度审批','admin',now(),NULL);
insert into `tsys_dict` (`system_code`, `type`, `parent_key`, `dkey`, `dvalue`, `updater`, `update_datetime`, `remark`) values('CD-CCD000003','1','node_type','7','补充资料','admin',now(),NULL);
insert into `tsys_dict` (`system_code`, `type`, `parent_key`, `dkey`, `dvalue`, `updater`, `update_datetime`, `remark`) values('CD-CCD000003','1','node_type','8','请款资料补充','admin',now(),NULL);
insert into `tsys_dict` (`system_code`, `type`, `parent_key`, `dkey`, `dvalue`, `updater`, `update_datetime`, `remark`) values('CD-CCD000003','1','node_type','9','电话回访','admin',now(),NULL);
insert into `tsys_dict` (`system_code`, `type`, `parent_key`, `dkey`, `dvalue`, `updater`, `update_datetime`, `remark`) values('CD-CCD000003','1','node_type','10','财务复核','admin',now(),NULL);
insert into `tsys_dict` (`system_code`, `type`, `parent_key`, `dkey`, `dvalue`, `updater`, `update_datetime`, `remark`) values('CD-CCD000003','1','node_type','11','垫资打款','admin',now(),NULL);
insert into `tsys_dict` (`system_code`, `type`, `parent_key`, `dkey`, `dvalue`, `updater`, `update_datetime`, `remark`) values('CD-CCD000003','1','node_type','12','发保合上传','admin',now(),NULL);
insert into `tsys_dict` (`system_code`, `type`, `parent_key`, `dkey`, `dvalue`, `updater`, `update_datetime`, `remark`) values('CD-CCD000003','1','node_type','13','收款回录','admin',now(),NULL);
insert into `tsys_dict` (`system_code`, `type`, `parent_key`, `dkey`, `dvalue`, `updater`, `update_datetime`, `remark`) values('CD-CCD000003','0',NULL,'role_level','角色等级','admin',now(),'');
insert into `tsys_dict` (`system_code`, `type`, `parent_key`, `dkey`, `dvalue`, `updater`, `update_datetime`, `remark`) values('CD-CCD000003','1','role_level','1','v1','admin',now(),'');
insert into `tsys_dict` (`system_code`, `type`, `parent_key`, `dkey`, `dvalue`, `updater`, `update_datetime`, `remark`) values('CD-CCD000003','1','role_level','2','v2','admin',now(),'');
insert into `tsys_dict` (`system_code`, `type`, `parent_key`, `dkey`, `dvalue`, `updater`, `update_datetime`, `remark`) values('CD-CCD000003','1','role_level','3','v3','admin',now(),'');
insert into `tsys_dict` (`system_code`, `type`, `parent_key`, `dkey`, `dvalue`, `updater`, `update_datetime`, `remark`) values('CD-CCD000003','1','role_level','4','v4','admin',now(),'');
insert into `tsys_dict` (`system_code`, `type`, `parent_key`, `dkey`, `dvalue`, `updater`, `update_datetime`, `remark`) values('CD-CCD000003','1','role_level','5','v5','admin',now(),'');
insert into `tsys_dict` (`system_code`, `type`, `parent_key`, `dkey`, `dvalue`, `updater`, `update_datetime`, `remark`) values('CD-CCD000003','1','car_status','3','待入录','admin',now(),NULL);
insert into `tsys_dict` (`system_code`, `type`, `parent_key`, `dkey`, `dvalue`, `updater`, `update_datetime`, `remark`) values('CD-CCD000003','0',NULL,'credit_status','业务状态','admin',now(),NULL);
insert into `tsys_dict` (`system_code`, `type`, `parent_key`, `dkey`, `dvalue`, `updater`, `update_datetime`, `remark`) values('CD-CCD000003','1','credit_status','0','待审核','admin',now(),NULL);
insert into `tsys_dict` (`system_code`, `type`, `parent_key`, `dkey`, `dvalue`, `updater`, `update_datetime`, `remark`) values('CD-CCD000003','1','credit_status','1','待分配','admin',now(),NULL);
insert into `tsys_dict` (`system_code`, `type`, `parent_key`, `dkey`, `dvalue`, `updater`, `update_datetime`, `remark`) values('CD-CCD000003','1','credit_status','2','待回录','admin',now(),NULL);
insert into `tsys_dict` (`system_code`, `type`, `parent_key`, `dkey`, `dvalue`, `updater`, `update_datetime`, `remark`) values('CD-CCD000003','1','credit_status','3','待资料录入','admin',now(),NULL);
insert into `tsys_dict` (`system_code`, `type`, `parent_key`, `dkey`, `dvalue`, `updater`, `update_datetime`, `remark`) values('CD-CCD000003','1','credit_status','4','待合规审查','admin',now(),NULL);
insert into `tsys_dict` (`system_code`, `type`, `parent_key`, `dkey`, `dvalue`, `updater`, `update_datetime`, `remark`) values('CD-CCD000003','1','credit_status','5','合规审查不通过','admin',now(),NULL);
insert into `tsys_dict` (`system_code`, `type`, `parent_key`, `dkey`, `dvalue`, `updater`, `update_datetime`, `remark`) values('CD-CCD000003','1','credit_status','6','待额度审批','admin',now(),NULL);
insert into `tsys_dict` (`system_code`, `type`, `parent_key`, `dkey`, `dvalue`, `updater`, `update_datetime`, `remark`) values('CD-CCD000003','1','credit_status','7','补充资料','admin',now(),NULL);
insert into `tsys_dict` (`system_code`, `type`, `parent_key`, `dkey`, `dvalue`, `updater`, `update_datetime`, `remark`) values('CD-CCD000003','1','credit_status','8','待补充请款资料','admin',now(),NULL);
insert into `tsys_dict` (`system_code`, `type`, `parent_key`, `dkey`, `dvalue`, `updater`, `update_datetime`, `remark`) values('CD-CCD000003','1','credit_status','9','待电话回访','admin',now(),NULL);
insert into `tsys_dict` (`system_code`, `type`, `parent_key`, `dkey`, `dvalue`, `updater`, `update_datetime`, `remark`) values('CD-CCD000003','1','credit_status','10','待垫款复核','admin',now(),NULL);
insert into `tsys_dict` (`system_code`, `type`, `parent_key`, `dkey`, `dvalue`, `updater`, `update_datetime`, `remark`) values('CD-CCD000003','1','credit_status','11','复核通过，待打款','admin',now(),NULL);
insert into `tsys_dict` (`system_code`, `type`, `parent_key`, `dkey`, `dvalue`, `updater`, `update_datetime`, `remark`) values('CD-CCD000003','1','credit_status','12','待发保合上传','admin',now(),NULL);
insert into `tsys_dict` (`system_code`, `type`, `parent_key`, `dkey`, `dvalue`, `updater`, `update_datetime`, `remark`) values('CD-CCD000003','1','credit_status','13','待收款','admin',now(),NULL);
insert into `tsys_dict` (`system_code`, `type`, `parent_key`, `dkey`, `dvalue`, `updater`, `update_datetime`, `remark`) values('CD-CCD000003','1','credit_status','14','已收款','admin',now(),NULL);
insert into `tsys_dict` (`system_code`, `type`, `parent_key`, `dkey`, `dvalue`, `updater`, `update_datetime`, `remark`) values('CD-CCD000003','1','credit_status','15','垫款不通过','admin',now(),NULL);
insert into `tsys_dict` (`system_code`, `type`, `parent_key`, `dkey`, `dvalue`, `updater`, `update_datetime`, `remark`) values('CD-CCD000003','1','credit_status','16','资信调查不通过','admin',now(),NULL);
insert into `tsys_dict` (`system_code`, `type`, `parent_key`, `dkey`, `dvalue`, `updater`, `update_datetime`, `remark`) values('CD-CCD000003','1','credit_status','17','直接否接','admin',now(),NULL);
insert into `tsys_dict` (`system_code`, `type`, `parent_key`, `dkey`, `dvalue`, `updater`, `update_datetime`, `remark`) values('CD-CCD000003','0',NULL,'zone_type','地区管理类型','admin',now(),NULL);
insert into `tsys_dict` (`system_code`, `type`, `parent_key`, `dkey`, `dvalue`, `updater`, `update_datetime`, `remark`) values('CD-CCD000003','1','zone_type','0','上牌地','admin',now(),NULL);
insert into `tsys_dict` (`system_code`, `type`, `parent_key`, `dkey`, `dvalue`, `updater`, `update_datetime`, `remark`) values('CD-CCD000003','1','zone_type','1','公司地','admin',now(),NULL);
insert into `tsys_dict` (`system_code`, `type`, `parent_key`, `dkey`, `dvalue`, `updater`, `update_datetime`, `remark`) values('CD-CCD000003','0',NULL,'zh_type','账户类型','admin',now(),NULL);
insert into `tsys_dict` (`system_code`, `type`, `parent_key`, `dkey`, `dvalue`, `updater`, `update_datetime`, `remark`) values('CD-CCD000003','1','zh_type','0','公帐','admin',now(),NULL);
insert into `tsys_dict` (`system_code`, `type`, `parent_key`, `dkey`, `dvalue`, `updater`, `update_datetime`, `remark`) values('CD-CCD000003','1','zh_type','1','私人卡','admin',now(),NULL);


insert into `tstd_cpassword` (`code`, `type`, `account`, `password`, `remark`, `company_code`, `system_code`) values('001','2','ACCESS_KEY','Dc0pMP8ImFm78-uk4iGsOPpB2-vHc64D07OsOQVi',NULL,'CD-CCD000003','CD-CCD000003');
insert into `tstd_cpassword` (`code`, `type`, `account`, `password`, `remark`, `company_code`, `system_code`) values('002','2','SECRET_KEY','3NP-tpZP9-5fH-R-FhvKTfYpPPVFNvjFF3JXmrcq',NULL,'CD-CCD000003','CD-CCD000003');
insert into `tstd_cpassword` (`code`, `type`, `account`, `password`, `remark`, `company_code`, `system_code`) values('003','2','bucket','b2coss',NULL,'CD-CCD000003','CD-CCD000003');
